"ID","Group","Sex","Week","Leg_Lean_Mass_kg","Leg_Press_1RM_kg"
"P01","Placebo","F",0,7.66,175
"P01","Placebo","F",6,8.12,200
"P01","Placebo","F",12,7.98,202.5
"P02","Protein","F",0,6.58,145
"P02","Protein","F",6,7.03,177.5
"P02","Protein","F",12,7.31,180
"P03","Placebo","F",0,6.43,130
"P03","Placebo","F",6,6.26,170
"P03","Placebo","F",12,6.8,190
"P04","Placebo","F",0,7.67,117.5
"P04","Placebo","F",6,7.85,135
"P04","Placebo","F",12,7.89,147.5
"P05","Placebo","F",0,6.49,105
"P05","Placebo","F",6,6.83,135
"P05","Placebo","F",12,6.92,145
"P06","Protein","F",0,7.2,120
"P06","Protein","F",6,7.41,140
"P06","Protein","F",12,7.78,162.5
"P07","Protein","F",0,8.07,180
"P07","Protein","F",6,8.28,212.5
"P08","Placebo","F",0,8.31,147.5
"P08","Placebo","F",6,8.36,142.5
"P08","Placebo","F",12,8.49,155
"P09","Placebo","F",0,8.44,132.5
"P09","Placebo","F",6,8.7,200
"P09","Placebo","F",12,8.62,192.5
"P10","Protein","F",0,6.54,122.5
"P10","Protein","F",6,7.02,135
"P10","Protein","F",12,6.89,147.5
"P11","Protein","F",0,6.65,132.5
"P11","Protein","F",6,7.06,172.5
"P11","Protein","F",12,7.39,200
"P12","Protein","F",0,7.03,160
"P12","Protein","F",12,7.42,212.5
"P13","Placebo","F",0,7.73,105
"P13","Placebo","F",6,7.9,112.5
"P13","Placebo","F",12,7.96,130
"P14","Placebo","F",0,8.16,157.5
"P14","Placebo","F",6,8.17,195
"P14","Placebo","F",12,8.28,217.5
"P15","Protein","F",0,6.28,162.5
"P15","Protein","F",6,6.58,167.5
"P15","Protein","F",12,6.76,190
"P16","Protein","F",0,8.73,105
"P16","Protein","F",6,8.91,115
"P16","Protein","F",12,9.16,135
"P17","Protein","F",0,7.71,130
"P17","Protein","F",6,7.84,165
"P17","Protein","F",12,8.19,177.5
"P18","Protein","F",0,8.63,117.5
"P18","Protein","F",6,8.65,155
"P19","Placebo","F",0,7.67,110
"P19","Placebo","F",6,7.74,122.5
"P19","Placebo","F",12,8.03,142.5
"P20","Placebo","F",0,6.91,137.5
"P20","Placebo","F",6,7.29,165
"P20","Placebo","F",12,7.4,180
"P21","Protein","M",0,8.84,240
"P21","Protein","M",6,8.9,NA
"P21","Protein","M",12,9.39,305
"P22","Placebo","M",0,9.97,200
"P22","Placebo","M",6,10.02,242.5
"P22","Placebo","M",12,10.21,270
"P23","Protein","M",0,10.71,230
"P23","Protein","M",6,10.9,282.5
"P23","Protein","M",12,11.13,322.5
"P24","Placebo","M",0,9.5,190
"P24","Placebo","M",6,9.48,205
"P24","Placebo","M",12,9.6,220
"P25","Protein","M",0,11.22,177.5
"P25","Protein","M",6,11.79,242.5
"P25","Protein","M",12,11.67,260
"P26","Placebo","M",0,10.48,195
"P26","Placebo","M",12,10.96,310
"P27","Protein","M",0,10.41,160
"P27","Protein","M",6,10.84,185
"P27","Protein","M",12,10.84,220
"P28","Placebo","M",0,9.61,205
"P28","Placebo","M",6,9.5,232.5
"P28","Placebo","M",12,9.84,232.5
"P29","Placebo","M",0,9.64,190
"P29","Placebo","M",6,9.42,207.5
"P29","Placebo","M",12,9.65,225
"P30","Protein","M",0,10.6,182.5
"P30","Protein","M",6,10.73,232.5
"P30","Protein","M",12,10.74,267.5
"P31","Protein","M",0,10.78,240
"P31","Protein","M",6,10.93,292.5
"P31","Protein","M",12,10.92,305
"P32","Protein","M",0,9.9,195
"P32","Protein","M",6,10.76,245
"P32","Protein","M",12,10.8,260
"P33","Protein","M",0,9.58,190
"P33","Protein","M",6,9.51,217.5
"P34","Placebo","M",0,10.29,212.5
"P34","Placebo","M",6,10.57,227.5
"P34","Placebo","M",12,10.89,260
"P35","Placebo","M",0,10.86,197.5
"P35","Placebo","M",6,10.64,217.5
"P35","Placebo","M",12,10.83,290
"P36","Placebo","M",0,8.28,182.5
"P36","Placebo","M",6,8.64,215
"P36","Placebo","M",12,8.66,235
"P37","Placebo","M",0,10.71,185
"P37","Placebo","M",6,10.98,265
"P37","Placebo","M",12,10.97,282.5
"P38","Protein","M",0,10.58,192.5
"P38","Protein","M",6,10.64,222.5
"P38","Protein","M",12,10.83,242.5
"P39","Protein","M",0,10.33,232.5
"P39","Protein","M",6,10.4,232.5
"P39","Protein","M",12,10.66,330
"P40","Placebo","M",0,8.86,207.5
"P40","Placebo","M",6,9.39,232.5
"P40","Placebo","M",12,9.29,262.5
