"ID","Group","Sex","Week","Image","VL_CSA_cm2"
"P01","Placebo","F",0,1,18.62
"P01","Placebo","F",0,2,18.72
"P01","Placebo","F",0,3,19.22
"P01","Placebo","F",6,1,18.71
"P01","Placebo","F",6,2,18.67
"P01","Placebo","F",6,3,19.26
"P01","Placebo","F",12,1,19.93
"P01","Placebo","F",12,2,18.64
"P01","Placebo","F",12,3,19.29
"P02","Protein","F",0,1,22.43
"P02","Protein","F",0,2,21.35
"P02","Protein","F",0,3,21.75
"P02","Protein","F",6,1,22.88
"P02","Protein","F",6,2,23.18
"P02","Protein","F",6,3,22.6
"P02","Protein","F",12,1,23.45
"P02","Protein","F",12,2,23.68
"P02","Protein","F",12,3,23.44
"P03","Placebo","F",0,1,25.13
"P03","Placebo","F",0,2,25.06
"P03","Placebo","F",0,3,25.27
"P03","Placebo","F",6,1,25.7
"P03","Placebo","F",6,2,25.29
"P03","Placebo","F",6,3,25.97
"P03","Placebo","F",12,1,24.69
"P03","Placebo","F",12,2,24.64
"P03","Placebo","F",12,3,24.22
"P04","Placebo","F",0,1,22.57
"P04","Placebo","F",0,2,22.69
"P04","Placebo","F",0,3,22.01
"P04","Placebo","F",6,1,22.19
"P04","Placebo","F",6,2,21.84
"P04","Placebo","F",12,1,21.31
"P04","Placebo","F",12,2,22.31
"P04","Placebo","F",12,3,22.05
"P05","Placebo","F",0,1,15.11
"P05","Placebo","F",0,2,14.79
"P05","Placebo","F",0,3,15.33
"P05","Placebo","F",6,1,16.08
"P05","Placebo","F",6,2,16.63
"P05","Placebo","F",6,3,16.04
"P05","Placebo","F",12,1,17.8
"P05","Placebo","F",12,2,17.88
"P05","Placebo","F",12,3,17.96
"P06","Protein","F",0,1,18.62
"P06","Protein","F",0,2,17.94
"P06","Protein","F",0,3,18.2
"P06","Protein","F",6,1,20.05
"P06","Protein","F",6,2,19.54
"P06","Protein","F",6,3,19.67
"P06","Protein","F",12,1,20.07
"P06","Protein","F",12,2,20.44
"P06","Protein","F",12,3,19.72
"P07","Protein","F",0,1,24.45
"P07","Protein","F",0,2,24.21
"P07","Protein","F",0,3,24.66
"P07","Protein","F",6,1,25.94
"P07","Protein","F",6,2,25.33
"P07","Protein","F",6,3,25.46
"P08","Placebo","F",0,1,20.76
"P08","Placebo","F",0,2,21.25
"P08","Placebo","F",0,3,20.82
"P08","Placebo","F",6,1,20.27
"P08","Placebo","F",6,2,21.1
"P08","Placebo","F",6,3,19.9
"P08","Placebo","F",12,1,21.47
"P08","Placebo","F",12,2,21.43
"P08","Placebo","F",12,3,21.64
"P09","Placebo","F",0,1,16.68
"P09","Placebo","F",0,2,17.4
"P09","Placebo","F",0,3,17.62
"P09","Placebo","F",6,1,17.2
"P09","Placebo","F",6,2,17.64
"P09","Placebo","F",6,3,17.11
"P09","Placebo","F",12,1,17.35
"P09","Placebo","F",12,2,17.24
"P09","Placebo","F",12,3,17.23
"P10","Protein","F",0,1,20.57
"P10","Protein","F",0,2,20.39
"P10","Protein","F",0,3,20.33
"P10","Protein","F",6,1,21.21
"P10","Protein","F",6,2,20.41
"P10","Protein","F",6,3,20.6
"P10","Protein","F",12,1,23
"P10","Protein","F",12,2,23.01
"P10","Protein","F",12,3,23.43
"P11","Protein","F",0,1,22.75
"P11","Protein","F",0,2,22.48
"P11","Protein","F",0,3,22.35
"P11","Protein","F",6,1,22.6
"P11","Protein","F",6,2,22.25
"P11","Protein","F",6,3,22.85
"P11","Protein","F",12,1,23.63
"P11","Protein","F",12,2,22.94
"P11","Protein","F",12,3,23.33
"P12","Protein","F",0,1,19.22
"P12","Protein","F",0,2,18.83
"P12","Protein","F",0,3,19.15
"P12","Protein","F",12,1,22.61
"P12","Protein","F",12,2,21.61
"P12","Protein","F",12,3,21.68
"P13","Placebo","F",0,1,23.8
"P13","Placebo","F",0,2,23.99
"P13","Placebo","F",0,3,24.76
"P13","Placebo","F",6,1,25.05
"P13","Placebo","F",6,2,24.98
"P13","Placebo","F",6,3,25.08
"P13","Placebo","F",12,1,24.71
"P13","Placebo","F",12,2,24.49
"P13","Placebo","F",12,3,24.88
"P14","Placebo","F",0,1,22.25
"P14","Placebo","F",0,2,22.33
"P14","Placebo","F",0,3,22.77
"P14","Placebo","F",6,1,22.89
"P14","Placebo","F",6,2,23.26
"P14","Placebo","F",6,3,23.08
"P14","Placebo","F",12,1,23.98
"P14","Placebo","F",12,2,23.7
"P14","Placebo","F",12,3,24.43
"P15","Protein","F",0,1,21.51
"P15","Protein","F",0,2,20.97
"P15","Protein","F",0,3,21.26
"P15","Protein","F",6,1,22.17
"P15","Protein","F",6,2,22.58
"P15","Protein","F",6,3,23.36
"P15","Protein","F",12,1,23.24
"P15","Protein","F",12,2,23.33
"P15","Protein","F",12,3,23.73
"P16","Protein","F",0,1,23.59
"P16","Protein","F",0,2,23.38
"P16","Protein","F",0,3,23.74
"P16","Protein","F",6,1,25.53
"P16","Protein","F",6,2,26.12
"P16","Protein","F",6,3,25.46
"P16","Protein","F",12,1,25.94
"P16","Protein","F",12,2,25.98
"P16","Protein","F",12,3,25.43
"P17","Protein","F",0,1,25.48
"P17","Protein","F",0,2,26.46
"P17","Protein","F",0,3,25.55
"P17","Protein","F",6,1,27.78
"P17","Protein","F",6,2,27.58
"P17","Protein","F",6,3,27.37
"P17","Protein","F",12,1,28.65
"P17","Protein","F",12,2,29.23
"P17","Protein","F",12,3,28.68
"P18","Protein","F",0,1,26.57
"P18","Protein","F",0,2,26.6
"P18","Protein","F",0,3,25.89
"P18","Protein","F",6,1,27.5
"P18","Protein","F",6,2,27.85
"P18","Protein","F",6,3,27.24
"P19","Placebo","F",0,1,27.85
"P19","Placebo","F",0,2,26.09
"P19","Placebo","F",0,3,27.29
"P19","Placebo","F",6,1,28.08
"P19","Placebo","F",6,2,28.03
"P19","Placebo","F",6,3,27.86
"P19","Placebo","F",12,1,28.73
"P19","Placebo","F",12,2,28.02
"P19","Placebo","F",12,3,27.96
"P20","Placebo","F",0,1,25.51
"P20","Placebo","F",0,2,25.02
"P20","Placebo","F",0,3,25.64
"P20","Placebo","F",6,1,26.34
"P20","Placebo","F",6,2,26.87
"P20","Placebo","F",6,3,27.11
"P20","Placebo","F",12,1,26.25
"P20","Placebo","F",12,2,26.73
"P20","Placebo","F",12,3,26.34
"P21","Protein","M",0,1,25.64
"P21","Protein","M",0,2,25.87
"P21","Protein","M",0,3,26.33
"P21","Protein","M",6,1,26.91
"P21","Protein","M",6,2,27.43
"P21","Protein","M",6,3,27.57
"P21","Protein","M",12,1,25.25
"P21","Protein","M",12,2,26.06
"P21","Protein","M",12,3,26.13
"P22","Placebo","M",0,1,29.13
"P22","Placebo","M",0,2,29.98
"P22","Placebo","M",0,3,29.84
"P22","Placebo","M",6,1,30.66
"P22","Placebo","M",6,2,31.03
"P22","Placebo","M",6,3,31.86
"P22","Placebo","M",12,1,33.19
"P22","Placebo","M",12,2,32.88
"P22","Placebo","M",12,3,33.09
"P23","Protein","M",0,1,26.81
"P23","Protein","M",0,2,26.62
"P23","Protein","M",0,3,26.26
"P23","Protein","M",6,1,27.66
"P23","Protein","M",6,2,27.38
"P23","Protein","M",6,3,27.5
"P23","Protein","M",12,1,29.38
"P23","Protein","M",12,2,29.69
"P23","Protein","M",12,3,28.68
"P24","Placebo","M",0,1,28.12
"P24","Placebo","M",0,2,28.14
"P24","Placebo","M",0,3,27.61
"P24","Placebo","M",6,1,28.08
"P24","Placebo","M",6,2,27.85
"P24","Placebo","M",6,3,28.08
"P24","Placebo","M",12,1,28.88
"P24","Placebo","M",12,2,28.86
"P24","Placebo","M",12,3,28.78
"P25","Protein","M",0,1,27.63
"P25","Protein","M",0,2,27.03
"P25","Protein","M",0,3,26.85
"P25","Protein","M",6,1,29.22
"P25","Protein","M",6,2,29.59
"P25","Protein","M",6,3,28.64
"P25","Protein","M",12,1,31.51
"P25","Protein","M",12,2,30.85
"P25","Protein","M",12,3,31.14
"P26","Placebo","M",0,1,28.69
"P26","Placebo","M",0,2,28.23
"P26","Placebo","M",0,3,28.83
"P26","Placebo","M",12,1,28.89
"P26","Placebo","M",12,2,28.63
"P26","Placebo","M",12,3,29.44
"P27","Protein","M",0,1,30.92
"P27","Protein","M",0,2,30.64
"P27","Protein","M",0,3,31.22
"P27","Protein","M",6,1,32.06
"P27","Protein","M",6,2,31.92
"P27","Protein","M",6,3,31.73
"P27","Protein","M",12,1,32.07
"P27","Protein","M",12,2,31.84
"P27","Protein","M",12,3,32.33
"P28","Placebo","M",0,1,24.76
"P28","Placebo","M",0,2,24.18
"P28","Placebo","M",0,3,24.48
"P28","Placebo","M",6,1,24.93
"P28","Placebo","M",6,2,25.27
"P28","Placebo","M",6,3,24.49
"P28","Placebo","M",12,1,25.37
"P28","Placebo","M",12,2,25.91
"P28","Placebo","M",12,3,26.18
"P29","Placebo","M",0,1,24.73
"P29","Placebo","M",0,2,25.42
"P29","Placebo","M",0,3,25.55
"P29","Placebo","M",6,1,26.59
"P29","Placebo","M",6,2,26.28
"P29","Placebo","M",6,3,26.21
"P29","Placebo","M",12,1,27.13
"P29","Placebo","M",12,2,26.61
"P29","Placebo","M",12,3,26.66
"P30","Protein","M",0,1,29.12
"P30","Protein","M",0,2,28.63
"P30","Protein","M",0,3,28.78
"P30","Protein","M",6,1,30.61
"P30","Protein","M",6,2,29.67
"P30","Protein","M",6,3,29.75
"P30","Protein","M",12,1,31.19
"P30","Protein","M",12,2,31.04
"P30","Protein","M",12,3,30.89
"P31","Protein","M",0,1,29.36
"P31","Protein","M",0,2,29.15
"P31","Protein","M",0,3,28.95
"P31","Protein","M",6,1,30.14
"P31","Protein","M",6,2,29.69
"P31","Protein","M",6,3,31.03
"P31","Protein","M",12,1,30.1
"P31","Protein","M",12,2,30.09
"P31","Protein","M",12,3,30.05
"P32","Protein","M",0,1,33.24
"P32","Protein","M",0,2,32.82
"P32","Protein","M",0,3,32.53
"P32","Protein","M",6,1,32.21
"P32","Protein","M",6,2,31.76
"P32","Protein","M",6,3,32.07
"P32","Protein","M",12,1,33.85
"P32","Protein","M",12,2,33.21
"P32","Protein","M",12,3,33.66
"P33","Protein","M",0,1,27.35
"P33","Protein","M",0,2,26.7
"P33","Protein","M",0,3,27.43
"P33","Protein","M",6,1,28.92
"P33","Protein","M",6,2,28.71
"P33","Protein","M",6,3,28.22
"P34","Placebo","M",0,1,23.17
"P34","Placebo","M",0,2,23.42
"P34","Placebo","M",0,3,23.59
"P34","Placebo","M",6,1,23.64
"P34","Placebo","M",6,2,24.03
"P34","Placebo","M",6,3,24.26
"P34","Placebo","M",12,1,23.94
"P34","Placebo","M",12,2,24.02
"P34","Placebo","M",12,3,24.54
"P35","Placebo","M",0,1,24.52
"P35","Placebo","M",0,2,25.08
"P35","Placebo","M",0,3,24.5
"P35","Placebo","M",6,1,25.95
"P35","Placebo","M",6,2,26.23
"P35","Placebo","M",6,3,26.77
"P35","Placebo","M",12,1,26.21
"P35","Placebo","M",12,2,26.13
"P35","Placebo","M",12,3,25.55
"P36","Placebo","M",0,1,30.58
"P36","Placebo","M",0,2,31.37
"P36","Placebo","M",0,3,30.88
"P36","Placebo","M",6,1,30.66
"P36","Placebo","M",6,2,31.14
"P36","Placebo","M",6,3,31.04
"P36","Placebo","M",12,1,31.34
"P36","Placebo","M",12,2,31.46
"P36","Placebo","M",12,3,31.05
"P37","Placebo","M",0,1,25.61
"P37","Placebo","M",0,2,24.89
"P37","Placebo","M",0,3,25.25
"P37","Placebo","M",6,1,26.82
"P37","Placebo","M",6,2,26.67
"P37","Placebo","M",6,3,26.96
"P37","Placebo","M",12,1,27.37
"P37","Placebo","M",12,2,26.96
"P37","Placebo","M",12,3,27.25
"P38","Protein","M",0,1,30.32
"P38","Protein","M",0,2,30.65
"P38","Protein","M",0,3,30.21
"P38","Protein","M",6,1,32.15
"P38","Protein","M",6,2,32.43
"P38","Protein","M",6,3,31.75
"P38","Protein","M",12,1,34.03
"P38","Protein","M",12,2,33.79
"P38","Protein","M",12,3,33.62
"P39","Protein","M",0,1,23.29
"P39","Protein","M",0,2,22.86
"P39","Protein","M",0,3,23.05
"P39","Protein","M",6,1,24.44
"P39","Protein","M",6,2,24.8
"P39","Protein","M",6,3,24.56
"P39","Protein","M",12,1,25.02
"P39","Protein","M",12,2,25.78
"P39","Protein","M",12,3,25.54
"P40","Placebo","M",0,1,28.7
"P40","Placebo","M",0,2,28.38
"P40","Placebo","M",0,3,28.84
"P40","Placebo","M",6,1,29.67
"P40","Placebo","M",6,2,29.75
"P40","Placebo","M",6,3,29.16
"P40","Placebo","M",12,1,30.89
"P40","Placebo","M",12,2,30.7
"P40","Placebo","M",12,3,30.54
